Workbook

Sheet Small Pricelist
A1: Mat code | B1: Mat Description | C1: MRP/Pc | D1: DLP/Pc | E1: Disc/L | F1: Market Support /L | G1: SUMMER/BONANZA SCHEME /L | H1: Invoice rate/ Item | I1: Margin/ Item | J1: Margin/L | K1: Margin % | L1: Per case
A2: 1404184 | B2: SERVO PRIDE 40 - 20x1L - HDPE | C2: 400 | D2: 328.52 | E2: 3 | F2: 0 | H2: 324.98 | I2: 75.02 | J2: 75.02 | K2: 23.084498 | L2: 6499.6
A3: 1404234 | B3: SERVO PRIDE 40 - 4x5L - HDPE | C3: 2000 | D3: 1623.4 | E3: 3 | F3: 0 | H3: 1605.7 | I3: 394.3 | J3: 78.86 | K3: 24.556268 | L3: 6422.8
A4: 1404242 | B4: SERVO PRIDE 40 - 10L BUC | C4: 4000 | D4: 3235.2 | E4: 3 | F4: 0 | H4: 3199.8 | I4: 800.2 | J4: 80.02 | K4: 25.007813 | L4: 3199.8
A5: 1404265 | B5: SERVO PRIDE 40-20L BUC | C5: 7800 | D5: 6416.28 | E5: 3 | F5: 0 | H5: 6345.48 | I5: 1454.52 | J5: 72.726 | K5: 22.922143 | L5: 6345.48
A6: 2485254 | B6: MAHINDRA EM REAR AXLE OIL-18 L | C6: 7965 | D6: 7109.559 | E6: 0 | F6: 0 | H6: 7109.559 | I6: 855.441 | J6: 47.5245 | K6: 12.032265 | L6: 7109.559
A7: 2502174 | B7: SERVO GEAR HP 90-40X1/2L-HDPE | C7: 208 | D7: 165.568 | E7: 9 | F7: 0 | H7: 160.258 | I7: 47.742 | J7: 95.484 | K7: 29.790712 | L7: 6410.32
A8: 2502184 | B8: SERVO GEAR HP 90-20X1L-HDPE | C8: 370 | D8: 300.477 | E8: 19 | F8: 0 | H8: 278.057 | I8: 91.943 | J8: 91.943 | K8: 33.066242 | L8: 5561.14
A9: 2502234 | B9: SERVO GEAR HP 90 - 4x5L - HDPE | C9: 1820 | D9: 1475.838 | E9: 19 | F9: 0 | H9: 1363.738 | I9: 456.262 | J9: 91.2524 | K9: 33.45672 | L9: 5454.952
A10: 2502265 | B10: SERVO GEAR HP 90-20L BUC | C10: 7730 | D10: 6309.999 | E10: 19 | F10: 0 | H10: 5861.599 | I10: 1868.401 | J10: 93.42005 | K10: 31.875278 | L10: 5861.599
A11: 2503184 | B11: SERVO GEAR HP 140 - 20x1L - HDPE | C11: 417 | D11: 336.6441 | E11: 14 | F11: 0 | H11: 320.1241 | I11: 96.8759 | J11: 96.8759 | K11: 30.261983 | L11: 6402.482
A12: 2503234 | B12: SERVO GEAR HP 140 - 4x5L - HDPE | C12: 2020 | D12: 1654.178 | E12: 14 | F12: 0 | H12: 1571.578 | I12: 448.422 | J12: 89.6844 | K12: 28.533232 | L12: 6286.312
A13: 2503265 | B13: SERVO GEAR HP 140-20L BUC | C13: 7440 | D13: 6056.904 | E13: 14 | F13: 0 | H13: 5726.504 | I13: 1713.496 | J13: 85.6748 | K13: 29.9222 | L13: 5726.504
... A274: 7903344 | B274: SERVOGREASE MIRACLE 3-10 KG BUC | C274: 5500 | D274: 4090.9 | E274: 0 | F274: 0 | H274: 4090.9 | I274: 1409.1 | J274: 140.91 | K274: 34.444743 | L274: 4090.9

Sheet small
A2: <tr><th> | B2: Mat code | C2: </th> | D2: Mat Description | E2: <th> | F2: MRP/Pc | G2: </th> | H2: DLP/Pc | I2: <th> | J2: Disc/L | K2: </th> | L2: Market Support /L | M2: <th> | N2: SUMMER/BONANZA SCHEME /L | O2: </th> | P2: Invoice rate/ Item | Q2: <th> | R2: Margin/ Item | S2: </th> | T2: Margin/L | U2: <th> | V2: Margin % | W2: </th> | X2: Per case | Y2: </td></tr>
A3: <tr> <td> | B3: ='Small Pricelist'!A2 -> 1404184 | C3: </td><td> | D3: =VLOOKUP(B3,'Small Pricelist'!A:L,2,0) -> SERVO PRIDE 40 - 20x1L - HDPE | E3: </td><td> | F3: =VLOOKUP(B3,'Small Pricelist'!A:L,3,0) -> 400 | G3: </td><td> | H3: =VLOOKUP(B3,'Small Pricelist'!A:L,4,0) -> 328.52 | I3: </td><td> | J3: =VLOOKUP(B3,'Small Pricelist'!A:L,5,0) -> 3 | K3: </td><td> | L3: =VLOOKUP(B3,'Small Pricelist'!A:L,6,0) -> 0 | M3: </td><td> | N3: =VLOOKUP(B3,'Small Pricelist'!A:L,7,0) -> 0 | O3: </td><td> | P3: =VLOOKUP(B3,'Small Pricelist'!A:L,8,0) -> 324.98 | Q3: </td><td> | R3: =VLOOKUP(B3,'Small Pricelist'!A:L,9,0) -> 75.02 | S3: </td><td> | T3: =VLOOKUP(B3,'Small Pricelist'!A:L,10,0) -> 75.02 | U3: </td><td> | V3: =VLOOKUP(B3,'Small Pricelist'!A:L,11,0) -> 23.084498 | W3: </td><td> | X3: =VLOOKUP(B3,'Small Pricelist'!A:L,12,0) -> 6499.6 | Y3: </td></tr> | Z3: =CONCATENATE(A3,B3,C3,D3,E3,F3,G3,H3,I3,J3,K3,L3,M3,N3,O3,P3,Q3,R3,S3,T3,U3,V3,W3,X3,Y3) -> <tr> <td>1404184</td><td>SERVO PRIDE 40 - 20x1L - HDPE</td><td>400</td><td>328.52</td><td>3</td><td>0</td><td>0</td><td>324.98</td><td>75.02</td><td>75.02</td><td>23.0844975075389</td><td>6499.6</td></tr>
A4: <tr> <td> | B4: ='Small Pricelist'!A3 -> 1404234 | C4: </td><td> | D4: =VLOOKUP(B4,'Small Pricelist'!A:L,2,0) -> SERVO PRIDE 40 - 4x5L - HDPE | E4: </td><td> | F4: =VLOOKUP(B4,'Small Pricelist'!A:L,3,0) -> 2000 | G4: </td><td> | H4: =VLOOKUP(B4,'Small Pricelist'!A:L,4,0) -> 1623.4 | I4: </td><td> | J4: =VLOOKUP(B4,'Small Pricelist'!A:L,5,0) -> 3 | K4: </td><td> | L4: =VLOOKUP(B4,'Small Pricelist'!A:L,6,0) -> 0 | M4: </td><td> | N4: =VLOOKUP(B4,'Small Pricelist'!A:L,7,0) -> 0 | O4: </td><td> | P4: =VLOOKUP(B4,'Small Pricelist'!A:L,8,0) -> 1605.7 | Q4: </td><td> | R4: =VLOOKUP(B4,'Small Pricelist'!A:L,9,0) -> 394.3 | S4: </td><td> | T4: =VLOOKUP(B4,'Small Pricelist'!A:L,10,0) -> 78.86 | U4: </td><td> | V4: =VLOOKUP(B4,'Small Pricelist'!A:L,11,0) -> 24.556268 | W4: </td><td> | X4: =VLOOKUP(B4,'Small Pricelist'!A:L,12,0) -> 6422.8 | Y4: </td></tr> | Z4: =CONCATENATE(A4,B4,C4,D4,E4,F4,G4,H4,I4,J4,K4,L4,M4,N4,O4,P4,Q4,R4,S4,T4,U4,V4,W4,X4,Y4) -> <tr> <td>1404234</td><td>SERVO PRIDE 40 - 4x5L - HDPE</td><td>2000</td><td>1623.4</td><td>3</td><td>0</td><td>0</td><td>1605.7</td><td>394.3</td><td>78.86</td><td>24.5562682942019</td><td>6422.80000000001</td></tr>
A5: <tr> <td> | B5: ='Small Pricelist'!A4 -> 1404242 | C5: </td><td> | D5: =VLOOKUP(B5,'Small Pricelist'!A:L,2,0) -> SERVO PRIDE 40 - 10L BUC | E5: </td><td> | F5: =VLOOKUP(B5,'Small Pricelist'!A:L,3,0) -> 4000 | G5: </td><td> | H5: =VLOOKUP(B5,'Small Pricelist'!A:L,4,0) -> 3235.2 | I5: </td><td> | J5: =VLOOKUP(B5,'Small Pricelist'!A:L,5,0) -> 3 | K5: </td><td> | L5: =VLOOKUP(B5,'Small Pricelist'!A:L,6,0) -> 0 | M5: </td><td> | N5: =VLOOKUP(B5,'Small Pricelist'!A:L,7,0) -> 0 | O5: </td><td> | P5: =VLOOKUP(B5,'Small Pricelist'!A:L,8,0) -> 3199.8 | Q5: </td><td> | R5: =VLOOKUP(B5,'Small Pricelist'!A:L,9,0) -> 800.2 | S5: </td><td> | T5: =VLOOKUP(B5,'Small Pricelist'!A:L,10,0) -> 80.02 | U5: </td><td> | V5: =VLOOKUP(B5,'Small Pricelist'!A:L,11,0) -> 25.007813 | W5: </td><td> | X5: =VLOOKUP(B5,'Small Pricelist'!A:L,12,0) -> 3199.8 | Y5: </td></tr> | Z5: =CONCATENATE(A5,B5,C5,D5,E5,F5,G5,H5,I5,J5,K5,L5,M5,N5,O5,P5,Q5,R5,S5,T5,U5,V5,W5,X5,Y5) -> <tr> <td>1404242</td><td>SERVO PRIDE 40 - 10L BUC</td><td>4000</td><td>3235.2</td><td>3</td><td>0</td><td>0</td><td>3199.8</td><td>800.2</td><td>80.02</td><td>25.0078129883118</td><td>3199.8</td></tr>
A6: <tr> <td> | B6: ='Small Pricelist'!A5 -> 1404265 | C6: </td><td> | D6: =VLOOKUP(B6,'Small Pricelist'!A:L,2,0) -> SERVO PRIDE 40-20L BUC | E6: </td><td> | F6: =VLOOKUP(B6,'Small Pricelist'!A:L,3,0) -> 7800 | G6: </td><td> | H6: =VLOOKUP(B6,'Small Pricelist'!A:L,4,0) -> 6416.28 | I6: </td><td> | J6: =VLOOKUP(B6,'Small Pricelist'!A:L,5,0) -> 3 | K6: </td><td> | L6: =VLOOKUP(B6,'Small Pricelist'!A:L,6,0) -> 0 | M6: </td><td> | N6: =VLOOKUP(B6,'Small Pricelist'!A:L,7,0) -> 0 | O6: </td><td> | P6: =VLOOKUP(B6,'Small Pricelist'!A:L,8,0) -> 6345.48 | Q6: </td><td> | R6: =VLOOKUP(B6,'Small Pricelist'!A:L,9,0) -> 1454.52 | S6: </td><td> | T6: =VLOOKUP(B6,'Small Pricelist'!A:L,10,0) -> 72.726 | U6: </td><td> | V6: =VLOOKUP(B6,'Small Pricelist'!A:L,11,0) -> 22.922143 | W6: </td><td> | X6: =VLOOKUP(B6,'Small Pricelist'!A:L,12,0) -> 6345.48 | Y6: </td></tr> | Z6: =CONCATENATE(A6,B6,C6,D6,E6,F6,G6,H6,I6,J6,K6,L6,M6,N6,O6,P6,Q6,R6,S6,T6,U6,V6,W6,X6,Y6) -> <tr> <td>1404265</td><td>SERVO PRIDE 40-20L BUC</td><td>7800</td><td>6416.28</td><td>3</td><td>0</td><td>0</td><td>6345.48</td><td>1454.52</td><td>72.726</td><td>22.9221430057301</td><td>6345.48</td></tr>
A7: <tr> <td> | B7: ='Small Pricelist'!A6 -> 2485254 | C7: </td><td> | D7: =VLOOKUP(B7,'Small Pricelist'!A:L,2,0) -> MAHINDRA EM REAR AXLE OIL-18 L | E7: </td><td> | F7: =VLOOKUP(B7,'Small Pricelist'!A:L,3,0) -> 7965 | G7: </td><td> | H7: =VLOOKUP(B7,'Small Pricelist'!A:L,4,0) -> 7109.559 | I7: </td><td> | J7: =VLOOKUP(B7,'Small Pricelist'!A:L,5,0) -> 0 | K7: </td><td> | L7: =VLOOKUP(B7,'Small Pricelist'!A:L,6,0) -> 0 | M7: </td><td> | N7: =VLOOKUP(B7,'Small Pricelist'!A:L,7,0) -> 0 | O7: </td><td> | P7: =VLOOKUP(B7,'Small Pricelist'!A:L,8,0) -> 7109.559 | Q7: </td><td> | R7: =VLOOKUP(B7,'Small Pricelist'!A:L,9,0) -> 855.441 | S7: </td><td> | T7: =VLOOKUP(B7,'Small Pricelist'!A:L,10,0) -> 47.5245 | U7: </td><td> | V7: =VLOOKUP(B7,'Small Pricelist'!A:L,11,0) -> 12.032265 | W7: </td><td> | X7: =VLOOKUP(B7,'Small Pricelist'!A:L,12,0) -> 7109.559 | Y7: </td></tr> | Z7: =CONCATENATE(A7,B7,C7,D7,E7,F7,G7,H7,I7,J7,K7,L7,M7,N7,O7,P7,Q7,R7,S7,T7,U7,V7,W7,X7,Y7) -> <tr> <td>2485254</td><td>MAHINDRA EM REAR AXLE OIL-18 L</td><td>7965</td><td>7109.559</td><td>0</td><td>0</td><td>0</td><td>7109.559</td><td>855.441</td><td>47.5245</td><td>12.0322652924042</td><td>7109.559</td></tr>
A8: <tr> <td> | B8: ='Small Pricelist'!A7 -> 2502174 | C8: </td><td> | D8: =VLOOKUP(B8,'Small Pricelist'!A:L,2,0) -> SERVO GEAR HP 90-40X1/2L-HDPE | E8: </td><td> | F8: =VLOOKUP(B8,'Small Pricelist'!A:L,3,0) -> 208 | G8: </td><td> | H8: =VLOOKUP(B8,'Small Pricelist'!A:L,4,0) -> 165.568 | I8: </td><td> | J8: =VLOOKUP(B8,'Small Pricelist'!A:L,5,0) -> 9 | K8: </td><td> | L8: =VLOOKUP(B8,'Small Pricelist'!A:L,6,0) -> 0 | M8: </td><td> | N8: =VLOOKUP(B8,'Small Pricelist'!A:L,7,0) -> 0 | O8: </td><td> | P8: =VLOOKUP(B8,'Small Pricelist'!A:L,8,0) -> 160.258 | Q8: </td><td> | R8: =VLOOKUP(B8,'Small Pricelist'!A:L,9,0) -> 47.742 | S8: </td><td> | T8: =VLOOKUP(B8,'Small Pricelist'!A:L,10,0) -> 95.484 | U8: </td><td> | V8: =VLOOKUP(B8,'Small Pricelist'!A:L,11,0) -> 29.790712 | W8: </td><td> | X8: =VLOOKUP(B8,'Small Pricelist'!A:L,12,0) -> 6410.32 | Y8: </td></tr> | Z8: =CONCATENATE(A8,B8,C8,D8,E8,F8,G8,H8,I8,J8,K8,L8,M8,N8,O8,P8,Q8,R8,S8,T8,U8,V8,W8,X8,Y8) -> <tr> <td>2502174</td><td>SERVO GEAR HP 90-40X1/2L-HDPE</td><td>208</td><td>165.568</td><td>9</td><td>0</td><td>0</td><td>160.258</td><td>47.742</td><td>95.484</td><td>29.7907124761323</td><td>6410.32</td></tr>
A9: <tr> <td> | B9: ='Small Pricelist'!A8 -> 2502184 | C9: </td><td> | D9: =VLOOKUP(B9,'Small Pricelist'!A:L,2,0) -> SERVO GEAR HP 90-20X1L-HDPE | E9: </td><td> | F9: =VLOOKUP(B9,'Small Pricelist'!A:L,3,0) -> 370 | G9: </td><td> | H9: =VLOOKUP(B9,'Small Pricelist'!A:L,4,0) -> 300.477 | I9: </td><td> | J9: =VLOOKUP(B9,'Small Pricelist'!A:L,5,0) -> 19 | K9: </td><td> | L9: =VLOOKUP(B9,'Small Pricelist'!A:L,6,0) -> 0 | M9: </td><td> | N9: =VLOOKUP(B9,'Small Pricelist'!A:L,7,0) -> 0 | O9: </td><td> | P9: =VLOOKUP(B9,'Small Pricelist'!A:L,8,0) -> 278.057 | Q9: </td><td> | R9: =VLOOKUP(B9,'Small Pricelist'!A:L,9,0) -> 91.943 | S9: </td><td> | T9: =VLOOKUP(B9,'Small Pricelist'!A:L,10,0) -> 91.943 | U9: </td><td> | V9: =VLOOKUP(B9,'Small Pricelist'!A:L,11,0) -> 33.066242 | W9: </td><td> | X9: =VLOOKUP(B9,'Small Pricelist'!A:L,12,0) -> 5561.14 | Y9: </td></tr> | Z9: =CONCATENATE(A9,B9,C9,D9,E9,F9,G9,H9,I9,J9,K9,L9,M9,N9,O9,P9,Q9,R9,S9,T9,U9,V9,W9,X9,Y9) -> <tr> <td>2502184</td><td>SERVO GEAR HP 90-20X1L-HDPE</td><td>370</td><td>300.477</td><td>19</td><td>0</td><td>0</td><td>278.057</td><td>91.943</td><td>91.943</td><td>33.0662418137289</td><td>5561.14</td></tr>
A10: <tr> <td> | B10: ='Small Pricelist'!A9 -> 2502234 | C10: </td><td> | D10: =VLOOKUP(B10,'Small Pricelist'!A:L,2,0) -> SERVO GEAR HP 90 - 4x5L - HDPE | E10: </td><td> | F10: =VLOOKUP(B10,'Small Pricelist'!A:L,3,0) -> 1820 | G10: </td><td> | H10: =VLOOKUP(B10,'Small Pricelist'!A:L,4,0) -> 1475.838 | I10: </td><td> | J10: =VLOOKUP(B10,'Small Pricelist'!A:L,5,0) -> 19 | K10: </td><td> | L10: =VLOOKUP(B10,'Small Pricelist'!A:L,6,0) -> 0 | M10: </td><td> | N10: =VLOOKUP(B10,'Small Pricelist'!A:L,7,0) -> 0 | O10: </td><td> | P10: =VLOOKUP(B10,'Small Pricelist'!A:L,8,0) -> 1363.738 | Q10: </td><td> | R10: =VLOOKUP(B10,'Small Pricelist'!A:L,9,0) -> 456.262 | S10: </td><td> | T10: =VLOOKUP(B10,'Small Pricelist'!A:L,10,0) -> 91.2524 | U10: </td><td> | V10: =VLOOKUP(B10,'Small Pricelist'!A:L,11,0) -> 33.45672 | W10: </td><td> | X10: =VLOOKUP(B10,'Small Pricelist'!A:L,12,0) -> 5454.952 | Y10: </td></tr> | Z10: =CONCATENATE(A10,B10,C10,D10,E10,F10,G10,H10,I10,J10,K10,L10,M10,N10,O10,P10,Q10,R10,S10,T10,U10,V10,W10,X10,Y10) -> <tr> <td>2502234</td><td>SERVO GEAR HP 90 - 4x5L - HDPE</td><td>1820</td><td>1475.838</td><td>19</td><td>0</td><td>0</td><td>1363.738</td><td>456.262</td><td>91.2524</td><td>33.4567196924922</td><td>5454.952</td></tr>
A11: <tr> <td> | B11: ='Small Pricelist'!A10 -> 2502265 | C11: </td><td> | D11: =VLOOKUP(B11,'Small Pricelist'!A:L,2,0) -> SERVO GEAR HP 90-20L BUC | E11: </td><td> | F11: =VLOOKUP(B11,'Small Pricelist'!A:L,3,0) -> 7730 | G11: </td><td> | H11: =VLOOKUP(B11,'Small Pricelist'!A:L,4,0) -> 6309.999 | I11: </td><td> | J11: =VLOOKUP(B11,'Small Pricelist'!A:L,5,0) -> 19 | K11: </td><td> | L11: =VLOOKUP(B11,'Small Pricelist'!A:L,6,0) -> 0 | M11: </td><td> | N11: =VLOOKUP(B11,'Small Pricelist'!A:L,7,0) -> 0 | O11: </td><td> | P11: =VLOOKUP(B11,'Small Pricelist'!A:L,8,0) -> 5861.599 | Q11: </td><td> | R11: =VLOOKUP(B11,'Small Pricelist'!A:L,9,0) -> 1868.401 | S11: </td><td> | T11: =VLOOKUP(B11,'Small Pricelist'!A:L,10,0) -> 93.42005 | U11: </td><td> | V11: =VLOOKUP(B11,'Small Pricelist'!A:L,11,0) -> 31.875278 | W11: </td><td> | X11: =VLOOKUP(B11,'Small Pricelist'!A:L,12,0) -> 5861.599 | Y11: </td></tr> | Z11: =CONCATENATE(A11,B11,C11,D11,E11,F11,G11,H11,I11,J11,K11,L11,M11,N11,O11,P11,Q11,R11,S11,T11,U11,V11,W11,X11,Y11) -> <tr> <td>2502265</td><td>SERVO GEAR HP 90-20L BUC</td><td>7730</td><td>6309.999</td><td>19</td><td>0</td><td>0</td><td>5861.599</td><td>1868.401</td><td>93.4200500000001</td><td>31.8752784009961</td><td>5861.599</td></tr>
A12: <tr> <td> | B12: ='Small Pricelist'!A11 -> 2503184 | C12: </td><td> | D12: =VLOOKUP(B12,'Small Pricelist'!A:L,2,0) -> SERVO GEAR HP 140 - 20x1L - HDPE | E12: </td><td> | F12: =VLOOKUP(B12,'Small Pricelist'!A:L,3,0) -> 417 | G12: </td><td> | H12: =VLOOKUP(B12,'Small Pricelist'!A:L,4,0) -> 336.6441 | I12: </td><td> | J12: =VLOOKUP(B12,'Small Pricelist'!A:L,5,0) -> 14 | K12: </td><td> | L12: =VLOOKUP(B12,'Small Pricelist'!A:L,6,0) -> 0 | M12: </td><td> | N12: =VLOOKUP(B12,'Small Pricelist'!A:L,7,0) -> 0 | O12: </td><td> | P12: =VLOOKUP(B12,'Small Pricelist'!A:L,8,0) -> 320.1241 | Q12: </td><td> | R12: =VLOOKUP(B12,'Small Pricelist'!A:L,9,0) -> 96.8759 | S12: </td><td> | T12: =VLOOKUP(B12,'Small Pricelist'!A:L,10,0) -> 96.8759 | U12: </td><td> | V12: =VLOOKUP(B12,'Small Pricelist'!A:L,11,0) -> 30.261983 | W12: </td><td> | X12: =VLOOKUP(B12,'Small Pricelist'!A:L,12,0) -> 6402.482 | Y12: </td></tr> | Z12: =CONCATENATE(A12,B12,C12,D12,E12,F12,G12,H12,I12,J12,K12,L12,M12,N12,O12,P12,Q12,R12,S12,T12,U12,V12,W12,X12,Y12) -> <tr> <td>2503184</td><td>SERVO GEAR HP 140 - 20x1L - HDPE</td><td>417</td><td>336.6441</td><td>14</td><td>0</td><td>0</td><td>320.1241</td><td>96.8759</td><td>96.8759</td><td>30.2619827748051</td><td>6402.482</td></tr>
A13: <tr> <td> | B13: ='Small Pricelist'!A12 -> 2503234 | C13: </td><td> | D13: =VLOOKUP(B13,'Small Pricelist'!A:L,2,0) -> SERVO GEAR HP 140 - 4x5L - HDPE | E13: </td><td> | F13: =VLOOKUP(B13,'Small Pricelist'!A:L,3,0) -> 2020 | G13: </td><td> | H13: =VLOOKUP(B13,'Small Pricelist'!A:L,4,0) -> 1654.178 | I13: </td><td> | J13: =VLOOKUP(B13,'Small Pricelist'!A:L,5,0) -> 14 | K13: </td><td> | L13: =VLOOKUP(B13,'Small Pricelist'!A:L,6,0) -> 0 | M13: </td><td> | N13: =VLOOKUP(B13,'Small Pricelist'!A:L,7,0) -> 0 | O13: </td><td> | P13: =VLOOKUP(B13,'Small Pricelist'!A:L,8,0) -> 1571.578 | Q13: </td><td> | R13: =VLOOKUP(B13,'Small Pricelist'!A:L,9,0) -> 448.422 | S13: </td><td> | T13: =VLOOKUP(B13,'Small Pricelist'!A:L,10,0) -> 89.6844 | U13: </td><td> | V13: =VLOOKUP(B13,'Small Pricelist'!A:L,11,0) -> 28.533232 | W13: </td><td> | X13: =VLOOKUP(B13,'Small Pricelist'!A:L,12,0) -> 6286.312 | Y13: </td></tr> | Z13: =CONCATENATE(A13,B13,C13,D13,E13,F13,G13,H13,I13,J13,K13,L13,M13,N13,O13,P13,Q13,R13,S13,T13,U13,V13,W13,X13,Y13) -> <tr> <td>2503234</td><td>SERVO GEAR HP 140 - 4x5L - HDPE</td><td>2020</td><td>1654.178</td><td>14</td><td>0</td><td>0</td><td>1571.578</td><td>448.422</td><td>89.6844</td><td>28.5332322035559</td><td>6286.312</td></tr>
A14: <tr> <td> | B14: ='Small Pricelist'!A13 -> 2503265 | C14: </td><td> | D14: =VLOOKUP(B14,'Small Pricelist'!A:L,2,0) -> SERVO GEAR HP 140-20L BUC | E14: </td><td> | F14: =VLOOKUP(B14,'Small Pricelist'!A:L,3,0) -> 7440 | G14: </td><td> | H14: =VLOOKUP(B14,'Small Pricelist'!A:L,4,0) -> 6056.904 | I14: </td><td> | J14: =VLOOKUP(B14,'Small Pricelist'!A:L,5,0) -> 14 | K14: </td><td> | L14: =VLOOKUP(B14,'Small Pricelist'!A:L,6,0) -> 0 | M14: </td><td> | N14: =VLOOKUP(B14,'Small Pricelist'!A:L,7,0) -> 0 | O14: </td><td> | P14: =VLOOKUP(B14,'Small Pricelist'!A:L,8,0) -> 5726.504 | Q14: </td><td> | R14: =VLOOKUP(B14,'Small Pricelist'!A:L,9,0) -> 1713.496 | S14: </td><td> | T14: =VLOOKUP(B14,'Small Pricelist'!A:L,10,0) -> 85.6748 | U14: </td><td> | V14: =VLOOKUP(B14,'Small Pricelist'!A:L,11,0) -> 29.9222 | W14: </td><td> | X14: =VLOOKUP(B14,'Small Pricelist'!A:L,12,0) -> 5726.504 | Y14: </td></tr> | Z14: =CONCATENATE(A14,B14,C14,D14,E14,F14,G14,H14,I14,J14,K14,L14,M14,N14,O14,P14,Q14,R14,S14,T14,U14,V14,W14,X14,Y14) -> <tr> <td>2503265</td><td>SERVO GEAR HP 140-20L BUC</td><td>7440</td><td>6056.904</td><td>14</td><td>0</td><td>0</td><td>5726.504</td><td>1713.496</td><td>85.6748</td><td>29.922200351209</td><td>5726.504</td></tr>
... A275: <tr> <td> | B275: ='Small Pricelist'!A274 -> 7903344 | C275: </td><td> | D275: =VLOOKUP(B275,'Small Pricelist'!A:L,2,0) -> SERVOGREASE MIRACLE 3-10 KG BUC | E275: </td><td> | F275: =VLOOKUP(B275,'Small Pricelist'!A:L,3,0) -> 5500 | G275: </td><td> | H275: =VLOOKUP(B275,'Small Pricelist'!A:L,4,0) -> 4090.9 | I275: </td><td> | J275: =VLOOKUP(B275,'Small Pricelist'!A:L,5,0) -> 0 | K275: </td><td> | L275: =VLOOKUP(B275,'Small Pricelist'!A:L,6,0) -> 0 | M275: </td><td> | N275: =VLOOKUP(B275,'Small Pricelist'!A:L,7,0) -> 0 | O275: </td><td> | P275: =VLOOKUP(B275,'Small Pricelist'!A:L,8,0) -> 4090.9 | Q275: </td><td> | R275: =VLOOKUP(B275,'Small Pricelist'!A:L,9,0) -> 1409.1 | S275: </td><td> | T275: =VLOOKUP(B275,'Small Pricelist'!A:L,10,0) -> 140.91 | U275: </td><td> | V275: =VLOOKUP(B275,'Small Pricelist'!A:L,11,0) -> 34.444743 | W275: </td><td> | X275: =VLOOKUP(B275,'Small Pricelist'!A:L,12,0) -> 4090.9 | Y275: </td></tr> | Z275: =CONCATENATE(A275,B275,C275,D275,E275,F275,G275,H275,I275,J275,K275,L275,M275,N275,O275,P275,Q275,R275,S275,T275,U275,V275,W275,X275,Y275) -> <tr> <td>7903344</td><td>SERVOGREASE MIRACLE 3-10 KG BUC </td><td>5500</td><td>4090.9</td><td>0</td><td>0</td><td>0</td><td>4090.9</td><td>1409.1</td><td>140.91</td><td>34.4447432105405</td><td>4090.9</td></tr>

Sheet Barrel Pricelist
A1: Mat code | B1: Mat Description | C1: Item Size in L | D1: RSP/L | E1: Disc/L | F1: Market Support /L | G1: MSS/L | H1: Invoice rate/L | I1: Invoice rate/Item
A2: 7403401 | B2: SERVOELECTRA - 210L BRL | C2: 210 | D2: 160 | E2: 0 | F2: 0 | G2: 0 | H2: 188.8 | I2: 39648
A3: 2960401 | B3: SERVO FUTURA SYNTH 0W-40-210 L BRL | C3: 210 | D3: 635 | E3: 0 | F3: 0 | G3: 0 | H3: 749.3 | I3: 157353
A4: 7427401 | B4: ECSTAR PETROL 0W-20-210 L | C4: 210 | D4: 325 | E4: 0 | F4: 0 | G4: 0 | H4: 383.5 | I4: 80535
A5: 7428401 | B5: ECSTAR DIESEL 5W-30-210 L | C5: 210 | D5: 358 | E5: 0 | F5: 0 | G5: 0 | H5: 422.44 | I5: 88712.4
A6: 7670401 | B6: MGDO 15W-40 - 210 L BRL | C6: 210 | D6: 245 | E6: 0 | F6: 0 | G6: 0 | H6: 289.1 | I6: 60711
A7: 7688401 | B7: MGO 5W-30-210 L BRL | C7: 210 | D7: 258 | E7: 0 | F7: 0 | G7: 0 | H7: 304.44 | I7: 63932.4
A8: 2968401 | B8: HY.SERVO ENGINE OIL 5W-30-210 L BRL | C8: 210 | D8: 260 | E8: 0 | F8: 0 | G8: 0 | H8: 306.8 | I8: 64428
A9: 7205401 | B9: HYUNDAI SERVO SUPERIOR 0W30-210 L | C9: 210 | D9: 345 | E9: 0 | F9: 0 | G9: 0 | H9: 407.1 | I9: 85491
A10: 7420401 | B10: HY SERVO PETROL EO SN PLUS-210 L | C10: 210 | D10: 322 | E10: 0 | F10: 0 | G10: 0 | H10: 379.96 | I10: 79791.6
A11: 7421401 | B11: HYUNDAI SERVO DEO ACEA C5-210 L | C11: 210 | D11: 364 | E11: 0 | F11: 0 | G11: 0 | H11: 429.52 | I11: 90199.2
A12: 7477401 | B12: HY.SERVO PRM.EO SM 5W-30-210 L BRL | C12: 210 | D12: 269 | E12: 0 | F12: 0 | G12: 0 | H12: 317.42 | I12: 66658.2
A13: 7209401 | B13: HYUNDAI SERVO SYNTH 0W-30 API SP/ ACEA C3 | C13: 210 | D13: 779 | E13: 0 | F13: 0 | G13: 0 | H13: 919.22 | I13: 193036.2
... A79: 7330403 | B79: IOC CLEARBLUE-210 L HD | C79: 210 | D79: 69 | E79: 0 | F79: 0 | G79: 0 | H79: 81.42 | I79: 17098.2

Sheet Barrel
A2: <tr><th> | B2: Mat code | C2: </th> | D2: Mat Description | E2: <th> | F2: Item Size in L | G2: </th> | H2: RSP/L | I2: <th> | J2: Disc/L | K2: </th> | L2: Market Support /L | M2: <th> | N2: MSS/L | O2: </th> | P2: Invoice rate/L | Q2: <th> | R2: Invoice rate/Item | S2: </td></tr>
A3: <tr> <td> | B3: ='Barrel Pricelist'!A2 -> 7403401 | C3: </td><td> | D3: =VLOOKUP(B3,'Barrel Pricelist'!A:I,2,0) -> SERVOELECTRA - 210L BRL | E3: </td><td> | F3: =VLOOKUP(B3,'Barrel Pricelist'!A:I,3,0) -> 210 | G3: </td><td> | H3: =VLOOKUP(B3,'Barrel Pricelist'!A:I,4,0) -> 160 | I3: </td><td> | J3: =VLOOKUP(B3,'Barrel Pricelist'!A:I,5,0) -> 0 | K3: </td><td> | L3: =VLOOKUP(B3,'Barrel Pricelist'!A:I,6,0) -> 0 | M3: </td><td> | N3: =VLOOKUP(B3,'Barrel Pricelist'!A:I,7,0) -> 0 | O3: </td><td> | P3: =VLOOKUP(B3,'Barrel Pricelist'!A:I,8,0) -> 188.8 | Q3: </td><td> | R3: =VLOOKUP(B3,'Barrel Pricelist'!A:I,9,0) -> 39648 | S3: </td></tr> | T3: =CONCATENATE(A3,B3,C3,D3,E3,F3,G3,H3,I3,J3,K3,L3,M3,N3,O3,P3,Q3,R3,S3) -> <tr> <td>7403401</td><td>SERVOELECTRA - 210L BRL</td><td>210</td><td>160</td><td>0</td><td>0</td><td>0</td><td>188.8</td><td>39648</td></tr>
A4: <tr> <td> | B4: ='Barrel Pricelist'!A3 -> 2960401 | C4: </td><td> | D4: =VLOOKUP(B4,'Barrel Pricelist'!A:I,2,0) -> SERVO FUTURA SYNTH 0W-40-210 L BRL | E4: </td><td> | F4: =VLOOKUP(B4,'Barrel Pricelist'!A:I,3,0) -> 210 | G4: </td><td> | H4: =VLOOKUP(B4,'Barrel Pricelist'!A:I,4,0) -> 635 | I4: </td><td> | J4: =VLOOKUP(B4,'Barrel Pricelist'!A:I,5,0) -> 0 | K4: </td><td> | L4: =VLOOKUP(B4,'Barrel Pricelist'!A:I,6,0) -> 0 | M4: </td><td> | N4: =VLOOKUP(B4,'Barrel Pricelist'!A:I,7,0) -> 0 | O4: </td><td> | P4: =VLOOKUP(B4,'Barrel Pricelist'!A:I,8,0) -> 749.3 | Q4: </td><td> | R4: =VLOOKUP(B4,'Barrel Pricelist'!A:I,9,0) -> 157353 | S4: </td></tr> | T4: =CONCATENATE(A4,B4,C4,D4,E4,F4,G4,H4,I4,J4,K4,L4,M4,N4,O4,P4,Q4,R4,S4) -> <tr> <td>2960401</td><td>SERVO FUTURA SYNTH 0W-40-210 L BRL</td><td>210</td><td>635</td><td>0</td><td>0</td><td>0</td><td>749.3</td><td>157353</td></tr>
A5: <tr> <td> | B5: ='Barrel Pricelist'!A4 -> 7427401 | C5: </td><td> | D5: =VLOOKUP(B5,'Barrel Pricelist'!A:I,2,0) -> ECSTAR PETROL 0W-20-210 L | E5: </td><td> | F5: =VLOOKUP(B5,'Barrel Pricelist'!A:I,3,0) -> 210 | G5: </td><td> | H5: =VLOOKUP(B5,'Barrel Pricelist'!A:I,4,0) -> 325 | I5: </td><td> | J5: =VLOOKUP(B5,'Barrel Pricelist'!A:I,5,0) -> 0 | K5: </td><td> | L5: =VLOOKUP(B5,'Barrel Pricelist'!A:I,6,0) -> 0 | M5: </td><td> | N5: =VLOOKUP(B5,'Barrel Pricelist'!A:I,7,0) -> 0 | O5: </td><td> | P5: =VLOOKUP(B5,'Barrel Pricelist'!A:I,8,0) -> 383.5 | Q5: </td><td> | R5: =VLOOKUP(B5,'Barrel Pricelist'!A:I,9,0) -> 80535 | S5: </td></tr> | T5: =CONCATENATE(A5,B5,C5,D5,E5,F5,G5,H5,I5,J5,K5,L5,M5,N5,O5,P5,Q5,R5,S5) -> <tr> <td>7427401</td><td>ECSTAR PETROL 0W-20-210 L</td><td>210</td><td>325</td><td>0</td><td>0</td><td>0</td><td>383.5</td><td>80535</td></tr>
A6: <tr> <td> | B6: ='Barrel Pricelist'!A5 -> 7428401 | C6: </td><td> | D6: =VLOOKUP(B6,'Barrel Pricelist'!A:I,2,0) -> ECSTAR DIESEL 5W-30-210 L | E6: </td><td> | F6: =VLOOKUP(B6,'Barrel Pricelist'!A:I,3,0) -> 210 | G6: </td><td> | H6: =VLOOKUP(B6,'Barrel Pricelist'!A:I,4,0) -> 358 | I6: </td><td> | J6: =VLOOKUP(B6,'Barrel Pricelist'!A:I,5,0) -> 0 | K6: </td><td> | L6: =VLOOKUP(B6,'Barrel Pricelist'!A:I,6,0) -> 0 | M6: </td><td> | N6: =VLOOKUP(B6,'Barrel Pricelist'!A:I,7,0) -> 0 | O6: </td><td> | P6: =VLOOKUP(B6,'Barrel Pricelist'!A:I,8,0) -> 422.44 | Q6: </td><td> | R6: =VLOOKUP(B6,'Barrel Pricelist'!A:I,9,0) -> 88712.4 | S6: </td></tr> | T6: =CONCATENATE(A6,B6,C6,D6,E6,F6,G6,H6,I6,J6,K6,L6,M6,N6,O6,P6,Q6,R6,S6) -> <tr> <td>7428401</td><td>ECSTAR DIESEL 5W-30-210 L</td><td>210</td><td>358</td><td>0</td><td>0</td><td>0</td><td>422.44</td><td>88712.4</td></tr>
A7: <tr> <td> | B7: ='Barrel Pricelist'!A6 -> 7670401 | C7: </td><td> | D7: =VLOOKUP(B7,'Barrel Pricelist'!A:I,2,0) -> MGDO 15W-40 - 210 L BRL | E7: </td><td> | F7: =VLOOKUP(B7,'Barrel Pricelist'!A:I,3,0) -> 210 | G7: </td><td> | H7: =VLOOKUP(B7,'Barrel Pricelist'!A:I,4,0) -> 245 | I7: </td><td> | J7: =VLOOKUP(B7,'Barrel Pricelist'!A:I,5,0) -> 0 | K7: </td><td> | L7: =VLOOKUP(B7,'Barrel Pricelist'!A:I,6,0) -> 0 | M7: </td><td> | N7: =VLOOKUP(B7,'Barrel Pricelist'!A:I,7,0) -> 0 | O7: </td><td> | P7: =VLOOKUP(B7,'Barrel Pricelist'!A:I,8,0) -> 289.1 | Q7: </td><td> | R7: =VLOOKUP(B7,'Barrel Pricelist'!A:I,9,0) -> 60711 | S7: </td></tr> | T7: =CONCATENATE(A7,B7,C7,D7,E7,F7,G7,H7,I7,J7,K7,L7,M7,N7,O7,P7,Q7,R7,S7) -> <tr> <td>7670401</td><td>MGDO 15W-40 - 210 L BRL</td><td>210</td><td>245</td><td>0</td><td>0</td><td>0</td><td>289.1</td><td>60711</td></tr>
A8: <tr> <td> | B8: ='Barrel Pricelist'!A7 -> 7688401 | C8: </td><td> | D8: =VLOOKUP(B8,'Barrel Pricelist'!A:I,2,0) -> MGO 5W-30-210 L BRL | E8: </td><td> | F8: =VLOOKUP(B8,'Barrel Pricelist'!A:I,3,0) -> 210 | G8: </td><td> | H8: =VLOOKUP(B8,'Barrel Pricelist'!A:I,4,0) -> 258 | I8: </td><td> | J8: =VLOOKUP(B8,'Barrel Pricelist'!A:I,5,0) -> 0 | K8: </td><td> | L8: =VLOOKUP(B8,'Barrel Pricelist'!A:I,6,0) -> 0 | M8: </td><td> | N8: =VLOOKUP(B8,'Barrel Pricelist'!A:I,7,0) -> 0 | O8: </td><td> | P8: =VLOOKUP(B8,'Barrel Pricelist'!A:I,8,0) -> 304.44 | Q8: </td><td> | R8: =VLOOKUP(B8,'Barrel Pricelist'!A:I,9,0) -> 63932.4 | S8: </td></tr> | T8: =CONCATENATE(A8,B8,C8,D8,E8,F8,G8,H8,I8,J8,K8,L8,M8,N8,O8,P8,Q8,R8,S8) -> <tr> <td>7688401</td><td>MGO 5W-30-210 L BRL</td><td>210</td><td>258</td><td>0</td><td>0</td><td>0</td><td>304.44</td><td>63932.4</td></tr>
A9: <tr> <td> | B9: ='Barrel Pricelist'!A8 -> 2968401 | C9: </td><td> | D9: =VLOOKUP(B9,'Barrel Pricelist'!A:I,2,0) -> HY.SERVO ENGINE OIL 5W-30-210 L BRL | E9: </td><td> | F9: =VLOOKUP(B9,'Barrel Pricelist'!A:I,3,0) -> 210 | G9: </td><td> | H9: =VLOOKUP(B9,'Barrel Pricelist'!A:I,4,0) -> 260 | I9: </td><td> | J9: =VLOOKUP(B9,'Barrel Pricelist'!A:I,5,0) -> 0 | K9: </td><td> | L9: =VLOOKUP(B9,'Barrel Pricelist'!A:I,6,0) -> 0 | M9: </td><td> | N9: =VLOOKUP(B9,'Barrel Pricelist'!A:I,7,0) -> 0 | O9: </td><td> | P9: =VLOOKUP(B9,'Barrel Pricelist'!A:I,8,0) -> 306.8 | Q9: </td><td> | R9: =VLOOKUP(B9,'Barrel Pricelist'!A:I,9,0) -> 64428 | S9: </td></tr> | T9: =CONCATENATE(A9,B9,C9,D9,E9,F9,G9,H9,I9,J9,K9,L9,M9,N9,O9,P9,Q9,R9,S9) -> <tr> <td>2968401</td><td>HY.SERVO ENGINE OIL 5W-30-210 L BRL</td><td>210</td><td>260</td><td>0</td><td>0</td><td>0</td><td>306.8</td><td>64428</td></tr>
A10: <tr> <td> | B10: ='Barrel Pricelist'!A9 -> 7205401 | C10: </td><td> | D10: =VLOOKUP(B10,'Barrel Pricelist'!A:I,2,0) -> HYUNDAI SERVO SUPERIOR 0W30-210 L | E10: </td><td> | F10: =VLOOKUP(B10,'Barrel Pricelist'!A:I,3,0) -> 210 | G10: </td><td> | H10: =VLOOKUP(B10,'Barrel Pricelist'!A:I,4,0) -> 345 | I10: </td><td> | J10: =VLOOKUP(B10,'Barrel Pricelist'!A:I,5,0) -> 0 | K10: </td><td> | L10: =VLOOKUP(B10,'Barrel Pricelist'!A:I,6,0) -> 0 | M10: </td><td> | N10: =VLOOKUP(B10,'Barrel Pricelist'!A:I,7,0) -> 0 | O10: </td><td> | P10: =VLOOKUP(B10,'Barrel Pricelist'!A:I,8,0) -> 407.1 | Q10: </td><td> | R10: =VLOOKUP(B10,'Barrel Pricelist'!A:I,9,0) -> 85491 | S10: </td></tr> | T10: =CONCATENATE(A10,B10,C10,D10,E10,F10,G10,H10,I10,J10,K10,L10,M10,N10,O10,P10,Q10,R10,S10) -> <tr> <td>7205401</td><td>HYUNDAI SERVO SUPERIOR 0W30-210 L</td><td>210</td><td>345</td><td>0</td><td>0</td><td>0</td><td>407.1</td><td>85491</td></tr>
A11: <tr> <td> | B11: ='Barrel Pricelist'!A10 -> 7420401 | C11: </td><td> | D11: =VLOOKUP(B11,'Barrel Pricelist'!A:I,2,0) -> HY SERVO PETROL EO SN PLUS-210 L | E11: </td><td> | F11: =VLOOKUP(B11,'Barrel Pricelist'!A:I,3,0) -> 210 | G11: </td><td> | H11: =VLOOKUP(B11,'Barrel Pricelist'!A:I,4,0) -> 322 | I11: </td><td> | J11: =VLOOKUP(B11,'Barrel Pricelist'!A:I,5,0) -> 0 | K11: </td><td> | L11: =VLOOKUP(B11,'Barrel Pricelist'!A:I,6,0) -> 0 | M11: </td><td> | N11: =VLOOKUP(B11,'Barrel Pricelist'!A:I,7,0) -> 0 | O11: </td><td> | P11: =VLOOKUP(B11,'Barrel Pricelist'!A:I,8,0) -> 379.96 | Q11: </td><td> | R11: =VLOOKUP(B11,'Barrel Pricelist'!A:I,9,0) -> 79791.6 | S11: </td></tr> | T11: =CONCATENATE(A11,B11,C11,D11,E11,F11,G11,H11,I11,J11,K11,L11,M11,N11,O11,P11,Q11,R11,S11) -> <tr> <td>7420401</td><td>HY SERVO PETROL EO SN PLUS-210 L</td><td>210</td><td>322</td><td>0</td><td>0</td><td>0</td><td>379.96</td><td>79791.6</td></tr>
A12: <tr> <td> | B12: ='Barrel Pricelist'!A11 -> 7421401 | C12: </td><td> | D12: =VLOOKUP(B12,'Barrel Pricelist'!A:I,2,0) -> HYUNDAI SERVO DEO ACEA C5-210 L | E12: </td><td> | F12: =VLOOKUP(B12,'Barrel Pricelist'!A:I,3,0) -> 210 | G12: </td><td> | H12: =VLOOKUP(B12,'Barrel Pricelist'!A:I,4,0) -> 364 | I12: </td><td> | J12: =VLOOKUP(B12,'Barrel Pricelist'!A:I,5,0) -> 0 | K12: </td><td> | L12: =VLOOKUP(B12,'Barrel Pricelist'!A:I,6,0) -> 0 | M12: </td><td> | N12: =VLOOKUP(B12,'Barrel Pricelist'!A:I,7,0) -> 0 | O12: </td><td> | P12: =VLOOKUP(B12,'Barrel Pricelist'!A:I,8,0) -> 429.52 | Q12: </td><td> | R12: =VLOOKUP(B12,'Barrel Pricelist'!A:I,9,0) -> 90199.2 | S12: </td></tr> | T12: =CONCATENATE(A12,B12,C12,D12,E12,F12,G12,H12,I12,J12,K12,L12,M12,N12,O12,P12,Q12,R12,S12) -> <tr> <td>7421401</td><td>HYUNDAI SERVO DEO ACEA C5-210 L</td><td>210</td><td>364</td><td>0</td><td>0</td><td>0</td><td>429.52</td><td>90199.2</td></tr>
A13: <tr> <td> | B13: ='Barrel Pricelist'!A12 -> 7477401 | C13: </td><td> | D13: =VLOOKUP(B13,'Barrel Pricelist'!A:I,2,0) -> HY.SERVO PRM.EO SM 5W-30-210 L BRL | E13: </td><td> | F13: =VLOOKUP(B13,'Barrel Pricelist'!A:I,3,0) -> 210 | G13: </td><td> | H13: =VLOOKUP(B13,'Barrel Pricelist'!A:I,4,0) -> 269 | I13: </td><td> | J13: =VLOOKUP(B13,'Barrel Pricelist'!A:I,5,0) -> 0 | K13: </td><td> | L13: =VLOOKUP(B13,'Barrel Pricelist'!A:I,6,0) -> 0 | M13: </td><td> | N13: =VLOOKUP(B13,'Barrel Pricelist'!A:I,7,0) -> 0 | O13: </td><td> | P13: =VLOOKUP(B13,'Barrel Pricelist'!A:I,8,0) -> 317.42 | Q13: </td><td> | R13: =VLOOKUP(B13,'Barrel Pricelist'!A:I,9,0) -> 66658.2 | S13: </td></tr> | T13: =CONCATENATE(A13,B13,C13,D13,E13,F13,G13,H13,I13,J13,K13,L13,M13,N13,O13,P13,Q13,R13,S13) -> <tr> <td>7477401</td><td>HY.SERVO PRM.EO SM 5W-30-210 L BRL</td><td>210</td><td>269</td><td>0</td><td>0</td><td>0</td><td>317.42</td><td>66658.2</td></tr>
A14: <tr> <td> | B14: ='Barrel Pricelist'!A13 -> 7209401 | C14: </td><td> | D14: =VLOOKUP(B14,'Barrel Pricelist'!A:I,2,0) -> HYUNDAI SERVO SYNTH 0W-30 API SP/ ACEA C3 | E14: </td><td> | F14: =VLOOKUP(B14,'Barrel Pricelist'!A:I,3,0) -> 210 | G14: </td><td> | H14: =VLOOKUP(B14,'Barrel Pricelist'!A:I,4,0) -> 779 | I14: </td><td> | J14: =VLOOKUP(B14,'Barrel Pricelist'!A:I,5,0) -> 0 | K14: </td><td> | L14: =VLOOKUP(B14,'Barrel Pricelist'!A:I,6,0) -> 0 | M14: </td><td> | N14: =VLOOKUP(B14,'Barrel Pricelist'!A:I,7,0) -> 0 | O14: </td><td> | P14: =VLOOKUP(B14,'Barrel Pricelist'!A:I,8,0) -> 919.22 | Q14: </td><td> | R14: =VLOOKUP(B14,'Barrel Pricelist'!A:I,9,0) -> 193036.2 | S14: </td></tr> | T14: =CONCATENATE(A14,B14,C14,D14,E14,F14,G14,H14,I14,J14,K14,L14,M14,N14,O14,P14,Q14,R14,S14) -> <tr> <td>7209401</td><td>HYUNDAI SERVO SYNTH 0W-30 API SP/ ACEA C3</td><td>210</td><td>779</td><td>0</td><td>0</td><td>0</td><td>919.22</td><td>193036.2</td></tr>
... A80: <tr> <td> | B80: ='Barrel Pricelist'!A79 -> 7330403 | C80: </td><td> | D80: =VLOOKUP(B80,'Barrel Pricelist'!A:I,2,0) -> IOC CLEARBLUE-210 L HD | E80: </td><td> | F80: =VLOOKUP(B80,'Barrel Pricelist'!A:I,3,0) -> 210 | G80: </td><td> | H80: =VLOOKUP(B80,'Barrel Pricelist'!A:I,4,0) -> 69 | I80: </td><td> | J80: =VLOOKUP(B80,'Barrel Pricelist'!A:I,5,0) -> 0 | K80: </td><td> | L80: =VLOOKUP(B80,'Barrel Pricelist'!A:I,6,0) -> 0 | M80: </td><td> | N80: =VLOOKUP(B80,'Barrel Pricelist'!A:I,7,0) -> 0 | O80: </td><td> | P80: =VLOOKUP(B80,'Barrel Pricelist'!A:I,8,0) -> 81.42 | Q80: </td><td> | R80: =VLOOKUP(B80,'Barrel Pricelist'!A:I,9,0) -> 17098.2 | S80: </td></tr> | T80: =CONCATENATE(A80,B80,C80,D80,E80,F80,G80,H80,I80,J80,K80,L80,M80,N80,O80,P80,Q80,R80,S80) -> <tr> <td>7330403</td><td>IOC CLEARBLUE-210 L HD</td><td>210</td><td>69</td><td>0</td><td>0</td><td>0</td><td>81.42</td><td>17098.2</td></tr>

Sheet ro bazaar order 
A2: { name: " | B2: SERVO PRIDE 40 - 20x1L - HDPE | C2: ", code:" | D2: 1404184 | E2: ", uom: | F2: 20 | G2: }, | H2: =_xlfn.CONCAT(A2,B2,C2,D2,E2,F2,G2) -> { name: "SERVO PRIDE 40 - 20x1L - HDPE", code:"1404184", uom:20},
A3: { name: " | B3: SERVO PRIDE 40 - 4x5L - HDPE | C3: ", code:" | D3: 1404234 | E3: ", uom: | F3: 20 | G3: }, | H3: =_xlfn.CONCAT(A3,B3,C3,D3,E3,F3,G3) -> { name: "SERVO PRIDE 40 - 4x5L - HDPE", code:"1404234", uom:20},
A4: { name: " | B4: SERVO GEAR HP 90-40X1/2L-HDPE | C4: ", code:" | D4: 2502174 | E4: ", uom: | F4: 20 | G4: }, | H4: =_xlfn.CONCAT(A4,B4,C4,D4,E4,F4,G4) -> { name: "SERVO GEAR HP 90-40X1/2L-HDPE", code:"2502174", uom:20},
A5: { name: " | B5: SERVO GEAR HP 90-20X1L-HDPE | C5: ", code:" | D5: 2502184 | E5: ", uom: | F5: 20 | G5: }, | H5: =_xlfn.CONCAT(A5,B5,C5,D5,E5,F5,G5) -> { name: "SERVO GEAR HP 90-20X1L-HDPE", code:"2502184", uom:20},
A6: { name: " | B6: SERVO GEAR HP 90 - 4x5L - HDPE | C6: ", code:" | D6: 2502234 | E6: ", uom: | F6: 20 | G6: }, | H6: =_xlfn.CONCAT(A6,B6,C6,D6,E6,F6,G6) -> { name: "SERVO GEAR HP 90 - 4x5L - HDPE", code:"2502234", uom:20},
A7: { name: " | B7: SERVO GEAR HP 90 - 210L BRL | C7: ", code:" | D7: 2502401 | E7: ", uom: | F7: 210 | G7: }, | H7: =_xlfn.CONCAT(A7,B7,C7,D7,E7,F7,G7) -> { name: "SERVO GEAR HP 90 - 210L BRL", code:"2502401", uom:210},
A8: { name: " | B8: MGGO 80W-90 - 4 X 2.1 L | C8: ", code:" | D8: 2540199 | E8: ", uom: | F8: 8.4 | G8: }, | H8: =_xlfn.CONCAT(A8,B8,C8,D8,E8,F8,G8) -> { name: "MGGO 80W-90 - 4 X 2.1 L", code:"2540199", uom:8.4},
A9: { name: " | B9: HYUNDAI S.GEAR OIL 75W-85-4X2.5L-HDPE | C9: ", code:" | D9: 2557195 | E9: ", uom: | F9: 10 | G9: }, | H9: =_xlfn.CONCAT(A9,B9,C9,D9,E9,F9,G9) -> { name: "HYUNDAI S.GEAR OIL 75W-85-4X2.5L-HDPE", code:"2557195", uom:10},
A10: { name: " | B10: SERVO 4T XTRA 10W-30-20 X 0.9 L PROMO | C10: ", code:" | D10: 2829230 | E10: ", uom: | F10: 18 | G10: }, | H10: =_xlfn.CONCAT(A10,B10,C10,D10,E10,F10,G10) -> { name: "SERVO 4T XTRA 10W-30-20 X 0.9 L PROMO", code:"2829230", uom:18},
A11: { name: " | B11: SERVO SCOOTOMATIC 4ST 10W-30-20 X 0.8 L | C11: ", code:" | D11: 2889156 | E11: ", uom: | F11: 16 | G11: }, | H11: =_xlfn.CONCAT(A11,B11,C11,D11,E11,F11,G11) -> { name: "SERVO SCOOTOMATIC 4ST 10W-30-20 X 0.8 L", code:"2889156", uom:16},
A12: { name: " | B12: SERVO 2T SUPREME-600 X 20 ML | C12: ", code:" | D12: 2900103 | E12: ", uom: | F12: 12 | G12: }, | H12: =_xlfn.CONCAT(A12,B12,C12,D12,E12,F12,G12) -> { name: "SERVO 2T SUPREME-600 X 20 ML", code:"2900103", uom:12},
A13: { name: " | B13: SERVO 2T SUPREME(JFC)-300x40ML - POU | C13: ", code:" | D13: 2900125 | E13: ", uom: | F13: 12 | G13: }, | H13: =_xlfn.CONCAT(A13,B13,C13,D13,E13,F13,G13) -> { name: "SERVO 2T SUPREME(JFC)-300x40ML - POU", code:"2900125", uom:12},
... A87: { name: " | B87: SERVOGREASE MP 3 - 182 KG DRM | C87: ", code:" | D87: 7705451 | E87: ", uom: | F87: 182 | G87: } | H87: =_xlfn.CONCAT(A87,B87,C87,D87,E87,F87,G87) -> { name: "SERVOGREASE MP 3 - 182 KG DRM", code:"7705451", uom:182}
