Workbook

Sheet Code
A1: Sku Code | B1: Script | C1: Sku Name | D1: Script | F1: Script | G1: Script to use
A2: ='Grade Name'!A2 -> 7434253 | B2: : { validName: ' | C2: ='Grade Name'!B2 -> SERVO PRIDE NXT CK4 10W-30-15 L PROMO LUBE | D2: ', grade: ' | E2: ='Grade Name'!C2 -> Gold | F2: ' }, | G2: =_xlfn.CONCAT("'",A2,"'",B2,C2,D2,E2,F2) -> '7434253': { validName: 'SERVO PRIDE NXT CK4 10W-30-15 L PROMO LUBE', grade: 'Gold' },
A3: ='Grade Name'!A3 -> 7436250 | B3: : { validName: ' | C3: ='Grade Name'!B3 -> SERVO PRIDE NXT CK4 15W-40-7.5 L PROMO | D3: ', grade: ' | E3: ='Grade Name'!C3 -> Gold | F3: ' }, | G3: =_xlfn.CONCAT("'",A3,"'",B3,C3,D3,E3,F3) -> '7436250': { validName: 'SERVO PRIDE NXT CK4 15W-40-7.5 L PROMO', grade: 'Gold' },
A4: ='Grade Name'!A4 -> 7434256 | B4: : { validName: ' | C4: ='Grade Name'!B4 -> SERVO PRIDE NXT CK4 10W-30-15 L | D4: ', grade: ' | E4: ='Grade Name'!C4 -> Gold | F4: ' }, | G4: =_xlfn.CONCAT("'",A4,"'",B4,C4,D4,E4,F4) -> '7434256': { validName: 'SERVO PRIDE NXT CK4 10W-30-15 L', grade: 'Gold' },
A5: ='Grade Name'!A5 -> 7436256 | B5: : { validName: ' | C5: ='Grade Name'!B5 -> SERVO PRIDE NXT CK4 15W-40-15 L | D5: ', grade: ' | E5: ='Grade Name'!C5 -> Gold | F5: ' }, | G5: =_xlfn.CONCAT("'",A5,"'",B5,C5,D5,E5,F5) -> '7436256': { validName: 'SERVO PRIDE NXT CK4 15W-40-15 L', grade: 'Gold' },
A6: ='Grade Name'!A6 -> 7436253 | B6: : { validName: ' | C6: ='Grade Name'!B6 -> SERVO PRIDE NXT CK4 15W-40-15 L PROMO | D6: ', grade: ' | E6: ='Grade Name'!C6 -> Gold | F6: ' }, | G6: =_xlfn.CONCAT("'",A6,"'",B6,C6,D6,E6,F6) -> '7436253': { validName: 'SERVO PRIDE NXT CK4 15W-40-15 L PROMO', grade: 'Gold' },
A7: ='Grade Name'!A7 -> 7436184 | B7: : { validName: ' | C7: ='Grade Name'!B7 -> SERVO PRIDE NXT CK4 15W-40-20 X 1 L | D7: ', grade: ' | E7: ='Grade Name'!C7 -> Gold | F7: ' }, | G7: =_xlfn.CONCAT("'",A7,"'",B7,C7,D7,E7,F7) -> '7436184': { validName: 'SERVO PRIDE NXT CK4 15W-40-20 X 1 L', grade: 'Gold' },
A8: ='Grade Name'!A8 -> 2967184 | B8: : { validName: ' | C8: ='Grade Name'!B8 -> SERVO FUTURA G PLUS 5W-30-20 X 1 L | D8: ', grade: ' | E8: ='Grade Name'!C8 -> Gold | F8: ' }, | G8: =_xlfn.CONCAT("'",A8,"'",B8,C8,D8,E8,F8) -> '2967184': { validName: 'SERVO FUTURA G PLUS 5W-30-20 X 1 L', grade: 'Gold' },
A9: ='Grade Name'!A9 -> 2967213 | B9: : { validName: ' | C9: ='Grade Name'!B9 -> SERVO FUTURA G PLUS 5W-30-4 X 3.5 L | D9: ', grade: ' | E9: ='Grade Name'!C9 -> Gold | F9: ' }, | G9: =_xlfn.CONCAT("'",A9,"'",B9,C9,D9,E9,F9) -> '2967213': { validName: 'SERVO FUTURA G PLUS 5W-30-4 X 3.5 L', grade: 'Gold' },
A10: ='Grade Name'!A10 -> 2967111 | B10: : { validName: ' | C10: ='Grade Name'!B10 -> SERVO FUTURA G PLUS 5W-30-4X3.5 L PROMO | D10: ', grade: ' | E10: ='Grade Name'!C10 -> Gold | F10: ' }, | G10: =_xlfn.CONCAT("'",A10,"'",B10,C10,D10,E10,F10) -> '2967111': { validName: 'SERVO FUTURA G PLUS 5W-30-4X3.5 L PROMO', grade: 'Gold' },
A11: ='Grade Name'!A11 -> 7271213 | B11: : { validName: ' | C11: ='Grade Name'!B11 -> SERVO FUTURA NXT 0W-16-4 X 3.5 L | D11: ', grade: ' | E11: ='Grade Name'!C11 -> Gold | F11: ' }, | G11: =_xlfn.CONCAT("'",A11,"'",B11,C11,D11,E11,F11) -> '7271213': { validName: 'SERVO FUTURA NXT 0W-16-4 X 3.5 L', grade: 'Gold' },
A12: ='Grade Name'!A12 -> 2914175 | B12: : { validName: ' | C12: ='Grade Name'!B12 -> SERVO BRAKE FLUID DOT 4-20 X 1/2 L | D12: ', grade: ' | E12: ='Grade Name'!C12 -> Gold | F12: ' }, | G12: =_xlfn.CONCAT("'",A12,"'",B12,C12,D12,E12,F12) -> '2914175': { validName: 'SERVO BRAKE FLUID DOT 4-20 X 1/2 L', grade: 'Gold' },
A13: ='Grade Name'!A13 -> 2914165 | B13: : { validName: ' | C13: ='Grade Name'!B13 -> SERVO BRAKE FLUID DOT 4-20 X 1/4 L | D13: ', grade: ' | E13: ='Grade Name'!C13 -> Gold | F13: ' }, | G13: =_xlfn.CONCAT("'",A13,"'",B13,C13,D13,E13,F13) -> '2914165': { validName: 'SERVO BRAKE FLUID DOT 4-20 X 1/4 L', grade: 'Gold' },
... A182: ='Grade Name'!A182 -> 7209213 | B182: : { validName: ' | C182: ='Grade Name'!B182 -> HY SERVO SYNTH 0W-30 SP/C3-4 X 3.5 L | D182: ', grade: ' | E182: ='Grade Name'!C182 -> Bronze | F182: ' }, | G182: =_xlfn.CONCAT("'",A182,"'",B182,C182,D182,E182,F182) -> '7209213': { validName: 'HY SERVO SYNTH 0W-30 SP/C3-4 X 3.5 L', grade: 'Bronze' },
A183: ='Grade Name'!A183 -> 7208271 | B183: : { validName: ' | C183: ='Grade Name'!B183 -> SERVO SUPERIOR EO 0W20 SN PLUS-50 L | D183: ', grade: ' | E183: ='Grade Name'!C183 -> Bronze | F183: } | G183: =_xlfn.CONCAT("'",A183,"'",B183,C183,D183,E183,F183) -> '7208271': { validName: 'SERVO SUPERIOR EO 0W20 SN PLUS-50 L', grade: 'Bronze } | H183: <ending please make sure to remove , comma add inverted come '

Sheet Grade Name
A1: Sku Code | B1: Sku Name | C1: Category | D1: Segment
A2: 7434253 | B2: SERVO PRIDE NXT CK4 10W-30-15 L PROMO LUBE | C2: Gold | D2: DEO
A3: 7436250 | B3: SERVO PRIDE NXT CK4 15W-40-7.5 L PROMO | C3: Gold | D3: DEO
A4: 7434256 | B4: SERVO PRIDE NXT CK4 10W-30-15 L | C4: Gold | D4: DEO
A5: 7436256 | B5: SERVO PRIDE NXT CK4 15W-40-15 L | C5: Gold | D5: DEO
A6: 7436253 | B6: SERVO PRIDE NXT CK4 15W-40-15 L PROMO | C6: Gold | D6: DEO
A7: 7436184 | B7: SERVO PRIDE NXT CK4 15W-40-20 X 1 L | C7: Gold | D7: DEO
A8: 2967184 | B8: SERVO FUTURA G PLUS 5W-30-20 X 1 L | C8: Gold | D8: PCMO
A9: 2967213 | B9: SERVO FUTURA G PLUS 5W-30-4 X 3.5 L | C9: Gold | D9: PCMO
A10: 2967111 | B10: SERVO FUTURA G PLUS 5W-30-4X3.5 L PROMO | C10: Gold | D10: PCMO
A11: 7271213 | B11: SERVO FUTURA NXT 0W-16-4 X 3.5 L | C11: Gold | D11: PCMO
A12: 2914175 | B12: SERVO BRAKE FLUID DOT 4-20 X 1/2 L | C12: Gold | D12: SPECIALITY
A13: 2914165 | B13: SERVO BRAKE FLUID DOT 4-20 X 1/4 L | C13: Gold | D13: SPECIALITY
... A183: 7208271 | B183: SERVO SUPERIOR EO 0W20 SN PLUS-50 L | C183: Bronze | D183: PCMO
